{"cameraMode":{"drawMode":0,"name":"Shaded","section":"Shading Mode"},"sceneLighting":true,"audioPlay":false,"sceneViewState":{"showFog":true,"showMaterialUpdate":false,"showSkybox":true,"showFlares":true,"showImageEffects":true,"showParticleSystems":true,"showVisualEffectGraphs":true,"m_FxEnabled":false},"in2DMode":false,"pivot":{"x":161.71072387695313,"y":147.59181213378907,"z":-1.129913330078125},"rotation":{"x":0.0011905678547918797,"y":-0.0024026697501540186,"z":-0.000002547343228798127,"w":-0.9999988079071045},"size":106.85954284667969,"orthographic":false}